{"A.147": 0.18941483866108957, "A.146": 0.20860950660291055, "A.145": 0.16129396329950021, "A.144": 0.4251203189571106, "A.143": 0.4236738178212322, "A.142": 0.3599140002220503, "A.141": 0.09644117670265728, "A.140": 0.11718900516271806, "A.149": 0.01582151841868864, "A.148": -0.012994679903237572, "A.125": -0.15763358929553975, "A.127": 0.04197077342373363, "A.126": -0.33243166377670047, "A.129": -0.015118891093598362, "A.128": 0.09397339297831808, "A.150": -0.06781558261308773, "A.151": -0.09192709131313456, "A.152": -0.2512185126085648, "A.153": -0.2889801479986388, "A.154": -0.3875521249949015, "A.155": -0.828607317829629, "A.156": -1.2241182586469581, "A.157": -0.6784818405211872, "A.158": -0.46123303369666163, "A.159": -0.14531656208835225, "A.136": -0.17470055958975095, "A.137": 0.3025906354156353, "A.134": 0.27922465135368574, "A.135": 0.21527305891199697, "A.132": 0.2179466269598416, "A.133": 0.4142031546917066, "A.130": 0.3999341490359586, "A.131": 0.4510825175993713, "A.138": 0.13776820526978442, "A.139": 0.3816954908774595, "A.189": -2.3614883594086513, "A.188": -1.8858680542572996, "A.183": -0.08988710788903384, "A.182": -0.5365876715367472, "A.181": -0.2986699689175467, "A.180": 0.039552415408190565, "A.187": -1.757809443733167, "A.186": -0.44174482078523974, "A.185": -0.526034335104088, "A.184": -1.0250724586371205, "A.169": 2.051687980453463, "A.168": 2.6282206586426757, "A.161": -0.01692990011133123, "A.160": 0.11147511187278741, "A.163": 0.74211297105393, "A.162": -0.0792041619638383, "A.165": 1.5466373257363026, "A.164": 1.1598345119893936, "A.167": 2.1637617000485316, "A.166": 1.6580933436825325, "A.194": -3.246613272122171, "A.195": -3.1356156349858257, "A.196": -2.132784383841139, "A.197": -2.3098281800287905, "A.190": -2.5561610143667894, "A.191": -2.266256035518676, "A.192": -2.7706253911328287, "A.193": -3.349000941671917, "A.198": -2.504395144703865, "A.199": -1.0274445976840254, "A.222": 0.24912123286317434, "A.223": 0.09432572107082494, "A.220": 0.6252062462046587, "A.221": 0.38665069043392114, "A.226": -0.1357444316397923, "A.227": -0.12983759973549433, "A.224": -0.060417044604292446, "A.225": -0.1391105597675212, "A.228": 0.1085547539128969, "A.178": 0.44562062428923566, "A.179": 0.12625648333385633, "A.172": 1.417297812311814, "A.173": 1.108100691867867, "A.170": 1.6695878226623695, "A.171": 1.7303535190081223, "A.176": 0.481697697888336, "A.177": 0.6152962943687017, "A.174": 1.5519317451971066, "A.175": 0.955853151748696, "A.219": 0.6008613312178442, "A.218": 0.8900484423432713, "A.217": 0.247572430047232, "A.216": 0.2459747048915112, "A.215": 0.08507588318656327, "A.214": 0.07312310934501903, "A.213": 0.0476371966468514, "A.212": 0.24913719063499304, "A.211": 0.1731858265387206, "A.210": 0.04088520602999659, "A.208": 0.6608638268605006, "A.209": 0.2323636148134684, "A.200": -0.794576825486313, "A.201": 0.3149116074307868, "A.202": -0.4334457724453123, "A.203": -0.9522103802070878, "A.204": 0.19038905941219184, "A.205": 0.052170360195038575, "A.206": -0.18429400801358498, "A.207": 0.18503675163148775}