{"A.147": -1.3239972928584525, "A.146": -1.5179139738446599, "A.145": -1.732212905889669, "A.144": -1.5255571635277057, "A.143": -1.6430924953560495, "A.142": -1.7541531486432405, "A.141": -1.663034641093387, "A.140": -1.46615883397741, "A.149": -1.4783591421784514, "A.148": -1.6237485949201298, "A.125": 0.25405193087834804, "A.127": -0.10342624375693231, "A.126": 0.2228109406579391, "A.129": 0.020343953118672098, "A.128": -0.20169371764959013, "A.150": -1.0410922599902672, "A.151": -1.2279994598509185, "A.152": -1.764561333493756, "A.153": -1.5280901862998417, "A.154": -1.0166925510494396, "A.155": -1.337204873687189, "A.156": -0.9174107942319523, "A.157": -0.7442206018011296, "A.158": 0.18593460022019606, "A.159": 0.29171073454122776, "A.136": -0.1952028416375334, "A.137": -0.20535764441055418, "A.134": 0.47968503876697954, "A.135": 0.2308039300111003, "A.132": 0.4047951401489909, "A.133": 0.5957999298331026, "A.130": 0.10572886602193976, "A.131": 0.32363124790171494, "A.138": -1.0296250224937922, "A.139": -0.9171496384041716, "A.189": -2.0201380704190437, "A.188": -1.6861841526643582, "A.183": -0.20566906527211118, "A.182": -0.1287619796606223, "A.181": -0.9763296740291159, "A.180": -0.3336288781755365, "A.187": -1.3213418895358144, "A.186": -0.46281857561644374, "A.185": -0.6126928989828695, "A.184": -1.1374504704575144, "A.169": 1.6140289566014123, "A.168": 2.0181055211695047, "A.161": -0.047580574381738024, "A.160": 0.28859608096093387, "A.163": 0.6249808347236412, "A.162": 0.0634820724775298, "A.165": 1.1537437485025464, "A.164": 0.9406036504302421, "A.167": 1.6003749648730177, "A.166": 1.1678232023950912, "A.194": -1.9391797783401, "A.195": -2.1402356458689074, "A.196": -1.7059108690811733, "A.197": -2.161153507834391, "A.190": -2.3213740085613557, "A.191": -1.686589080220102, "A.192": -1.9020213101490187, "A.193": -2.2359583960464406, "A.198": -3.033135087235045, "A.199": -1.4691957146246255, "A.222": 0.23968705342341448, "A.223": 0.14659745312978326, "A.220": 0.5916697940815966, "A.221": 0.3869023500726682, "A.226": 0.4551806423532766, "A.227": 0.11521712858060895, "A.224": 0.19370744282576027, "A.225": 0.321550952832618, "A.228": -0.10193934206886297, "A.178": 0.2216002037440575, "A.179": 0.06037384216697392, "A.172": 1.0334673785896056, "A.173": 0.7389655773972948, "A.170": 1.1772695556197545, "A.171": 1.3118615248378032, "A.176": 0.4262329856609294, "A.177": -0.010986174261285796, "A.174": 1.085519739480627, "A.175": 0.835093839975186, "A.219": 0.567504576540814, "A.218": 0.635364980674641, "A.217": 0.3861154292736156, "A.216": 0.4642502386729891, "A.215": 0.2997288249010034, "A.214": 0.2993482708431523, "A.213": 0.16220749758176245, "A.212": 0.11516369199364918, "A.211": -0.023613070202438944, "A.210": -0.12379546080986435, "A.208": -0.59725536345268, "A.209": -0.2634175292209615, "A.200": -2.1747429032402303, "A.201": -1.3072623640036136, "A.202": -1.278199645219754, "A.203": -1.6526591125892762, "A.204": -1.2296156679123673, "A.205": -1.1515321781827357, "A.206": -1.0119429494981071, "A.207": -0.9911673910674796}