{"A.147": -1.299502930210758, "A.146": -1.508723028085526, "A.145": -1.6998694669855565, "A.144": -1.48765847320659, "A.143": -1.6272356690334797, "A.142": -1.7368387187661756, "A.141": -1.658075415576478, "A.140": -1.4492400454630356, "A.149": -1.451148662006154, "A.148": -1.6158598285503578, "A.125": 0.27624275116222596, "A.127": -0.014738429563987342, "A.126": 0.3063711925028125, "A.129": 0.04475485566906616, "A.128": -0.14830409528732788, "A.150": -1.0353642248533268, "A.151": -1.2166291930598316, "A.152": -1.7511175071367506, "A.153": -1.488548586553268, "A.154": -1.008442332291822, "A.155": -1.3520748304236292, "A.156": -0.9608259338453959, "A.157": -0.7932923014865105, "A.158": 0.13107423927829004, "A.159": 0.2851538662694094, "A.136": -0.19668962263217152, "A.137": -0.17636531185378992, "A.134": 0.49062803291624263, "A.135": 0.23417797397737006, "A.132": 0.4079736502167858, "A.133": 0.6059854397889273, "A.130": 0.12280242356295845, "A.131": 0.3221267467070204, "A.138": -1.0098261887276352, "A.139": -0.8783718795662395, "A.189": -2.035799154419746, "A.188": -1.680678909278267, "A.183": -0.1877347025505185, "A.182": -0.15028056096461312, "A.181": -1.0333615881465719, "A.180": -0.3376691687749106, "A.187": -1.299242564358134, "A.186": -0.3774758264141147, "A.185": -0.5823982690160732, "A.184": -1.2520620920735477, "A.169": 1.651316876283881, "A.168": 2.0603320532949434, "A.161": -0.06649116688953444, "A.160": 0.2842697920541689, "A.163": 0.626146205910474, "A.162": 0.0598270362307334, "A.165": 1.161782196593777, "A.164": 0.9415076882419482, "A.167": 1.6393557182278184, "A.166": 1.2361942501368655, "A.194": -1.9904488860062561, "A.195": -2.1186382398146577, "A.196": -1.6480022765887632, "A.197": -2.088708288565919, "A.190": -2.2831165686713857, "A.191": -1.7081079489835893, "A.192": -1.9258172829307283, "A.193": -2.3646545066541136, "A.198": -3.0751288672126895, "A.199": -1.493090399471235, "A.222": 0.27523901745084356, "A.223": 0.16531524051768445, "A.220": 0.602254328482984, "A.221": 0.42882026836641396, "A.226": 0.4897142250951763, "A.227": 0.15765524082895468, "A.224": 0.2212517972343159, "A.225": 0.3543408663380889, "A.228": -0.07820686892441374, "A.178": 0.20269755290201333, "A.179": 0.03819618744150648, "A.172": 1.0653300638399303, "A.173": 0.7692475682686206, "A.170": 1.2220931384895366, "A.171": 1.3747831698477404, "A.176": 0.41331561802264344, "A.177": -0.009350782239677901, "A.174": 1.1165133873870277, "A.175": 0.8485051649795327, "A.219": 0.5940310522009312, "A.218": 0.660204493121796, "A.217": 0.37931975193952155, "A.216": 0.46298816290938444, "A.215": 0.29953406117714143, "A.214": 0.27722836186136723, "A.213": 0.1631107430660828, "A.212": 0.11523412668338848, "A.211": -0.020744255231979997, "A.210": -0.15303619753636835, "A.208": -0.583758901425084, "A.209": -0.24585408408909534, "A.200": -2.1066346928150232, "A.201": -1.3318001214121789, "A.202": -1.2727545775165336, "A.203": -1.6566498154156883, "A.204": -1.2449612950993463, "A.205": -1.1496649097421372, "A.206": -1.0433008163269222, "A.207": -1.027034229187728}