{"A.147": -0.6813458032250294, "A.146": -0.5785578817709803, "A.145": -0.519866761278153, "A.144": -0.296713561680192, "A.143": -0.35981142397169397, "A.142": -0.3736967097856626, "A.141": -0.7204245079961339, "A.140": -0.8031933883033858, "A.149": -0.8697297159259, "A.148": -0.804219274396594, "A.125": -0.7160312971580782, "A.127": -0.5711561320741076, "A.126": -0.9467567608145283, "A.129": -0.3807552499472926, "A.128": -0.441741736967697, "A.150": -0.7904473738020726, "A.151": -0.8318615637928816, "A.152": -1.0162929787374173, "A.153": -0.9147771640294673, "A.154": -0.9334184806299085, "A.155": -1.0080943312992505, "A.156": -0.8299654685005122, "A.157": -0.7598869995830954, "A.158": -0.281747966089768, "A.159": 0.06196362128581285, "A.136": -0.3905708154410889, "A.137": -0.3344385060232312, "A.134": 0.31500304111772687, "A.135": 0.1681693517520763, "A.132": 0.27199758386490913, "A.133": 0.484583115033895, "A.130": 0.09173484840863985, "A.131": 0.3616547673029763, "A.138": -0.7053566982744383, "A.139": -0.4486902793857301, "A.189": -1.8140053390375703, "A.188": -1.3406665159692812, "A.183": -0.26274737578201784, "A.182": -0.8218005373358366, "A.181": -0.22022869272702408, "A.180": 0.09975350480160834, "A.187": -1.3909470719952424, "A.186": -0.728015697107328, "A.185": -0.7100138772848189, "A.184": -0.8991629920318102, "A.169": 1.6299964564642229, "A.168": 2.012871408766964, "A.161": -0.02259818757963691, "A.160": 0.11747368404985573, "A.163": 0.48452861253795926, "A.162": -0.2700608685954708, "A.165": 1.2539850846669336, "A.164": 0.8301084154608075, "A.167": 1.7757413515753373, "A.166": 1.3702189196386623, "A.194": -2.1697169298731818, "A.195": -2.0934512330301454, "A.196": -1.3726478821685533, "A.197": -1.972328202128058, "A.190": -2.080145030920921, "A.191": -1.4348024011784273, "A.192": -2.049470746810666, "A.193": -2.4600832211000228, "A.198": -2.040991750189838, "A.199": -0.47232733644989977, "A.222": 0.2372472329133599, "A.223": 0.01175836421274985, "A.220": 0.48735886030564657, "A.221": 0.331761170773836, "A.226": 0.04208387375876432, "A.227": -0.07948542978871954, "A.224": -0.10553316775313716, "A.225": 0.009778585778587612, "A.228": 0.046091300178131074, "A.178": 0.5024210130584711, "A.179": 0.1385004801848514, "A.172": 1.366931425938711, "A.173": 1.1939538096938014, "A.170": 1.438550363513078, "A.171": 1.511606969300975, "A.176": 0.5668299815946699, "A.177": 0.6804180384888712, "A.174": 1.348139555781213, "A.175": 0.8325178031493619, "A.219": 0.6126583861487623, "A.218": 0.8114056673783504, "A.217": 0.2422104700335893, "A.216": 0.3168446435593135, "A.215": 0.21974940872785795, "A.214": 0.1418132243133298, "A.213": 0.06023439354585969, "A.212": 0.034516287135696586, "A.211": 0.07015905991624478, "A.210": -0.15080546557400748, "A.208": -0.03562954554354407, "A.209": -0.3695085240479954, "A.200": -0.7840518124514212, "A.201": -0.032621062882192395, "A.202": -0.3019626651694922, "A.203": -0.863987473299192, "A.204": -0.31424715199422487, "A.205": -0.6126007246387845, "A.206": -0.40399961584825234, "A.207": -0.011930954391547843}